product_name,product_id
Laptop Model 1 - N5I52910VN (Specs Info Here),N5I52910VN
Laptop Model 2 - A2NL1577US (Specs Info Here),A2NL1577US
Laptop Model 3 - MT232319W1 (Specs Info Here),MT232319W1
Laptop Model 4 - MA416605PA (Specs Info Here),MA416605PA
Laptop Model 5 - NJ775204US (Specs Info Here),NJ775204US
Laptop Model 6 - A6VV3800EU (Specs Info Here),A6VV3800EU
Laptop Model 7 - N5I51046PA (Specs Info Here),N5I51046PA
Laptop Model 8 - MT237949US (Specs Info Here),MT237949US
Laptop Model 9 - NJ779797US (Specs Info Here),NJ779797US
Laptop Model 10 - 83GS8964US (Specs Info Here),83GS8964US
Laptop Model 11 - A6VV1490VN (Specs Info Here),A6VV1490VN
Laptop Model 12 - MA412629VN (Specs Info Here),MA412629VN
Laptop Model 13 - NJ777372US (Specs Info Here),NJ777372US
Laptop Model 14 - A2NL0506EU (Specs Info Here),A2NL0506EU
Laptop Model 15 - MT237497US (Specs Info Here),MT237497US
Laptop Model 16 - MT232512US (Specs Info Here),MT232512US
Laptop Model 17 - 84DJ2551PA (Specs Info Here),84DJ2551PA
Laptop Model 18 - A2NL6208VN (Specs Info Here),A2NL6208VN
Laptop Model 19 - 84DJ9052US (Specs Info Here),84DJ9052US
Laptop Model 20 - G5HG4862PA (Specs Info Here),G5HG4862PA
Laptop Model 21 - 83GS7685PA (Specs Info Here),83GS7685PA
Laptop Model 22 - A2NL2761VN (Specs Info Here),A2NL2761VN
Laptop Model 23 - NJ771619PA (Specs Info Here),NJ771619PA
Laptop Model 24 - NK377383VN (Specs Info Here),NK377383VN
Laptop Model 25 - MT234992PA (Specs Info Here),MT234992PA
Laptop Model 26 - A2NL0664W1 (Specs Info Here),A2NL0664W1
Laptop Model 27 - A2NL2983US (Specs Info Here),A2NL2983US
Laptop Model 28 - MT235036PA (Specs Info Here),MT235036PA
Laptop Model 29 - N5I58127PA (Specs Info Here),N5I58127PA
Laptop Model 30 - A6VV3586W1 (Specs Info Here),A6VV3586W1
Laptop Model 31 - N5I51836US (Specs Info Here),N5I51836US
Laptop Model 32 - N5I51490EU (Specs Info Here),N5I51490EU
Laptop Model 33 - N5I54515EU (Specs Info Here),N5I54515EU
Laptop Model 34 - MT230628EU (Specs Info Here),MT230628EU
Laptop Model 35 - 83LK2279PA (Specs Info Here),83LK2279PA
Laptop Model 36 - MA410168US (Specs Info Here),MA410168US
Laptop Model 37 - MT235148EU (Specs Info Here),MT235148EU
Laptop Model 38 - MA413653US (Specs Info Here),MA413653US
Laptop Model 39 - NJ779110EU (Specs Info Here),NJ779110EU
Laptop Model 40 - A6VV2617VN (Specs Info Here),A6VV2617VN
Laptop Model 41 - 84DJ8203EU (Specs Info Here),84DJ8203EU
Laptop Model 42 - NJ778012VN (Specs Info Here),NJ778012VN
Laptop Model 43 - MT239609W1 (Specs Info Here),MT239609W1
Laptop Model 44 - G5HG2030PA (Specs Info Here),G5HG2030PA
Laptop Model 45 - MT236566US (Specs Info Here),MT236566US
Laptop Model 46 - MT236797PA (Specs Info Here),MT236797PA
Laptop Model 47 - 83GS8980PA (Specs Info Here),83GS8980PA
Laptop Model 48 - NJ773516PA (Specs Info Here),NJ773516PA
Laptop Model 49 - NJ772229US (Specs Info Here),NJ772229US
Laptop Model 50 - 83LK7352VN (Specs Info Here),83LK7352VN
Laptop Model 51 - NK374989US (Specs Info Here),NK374989US
Laptop Model 52 - G5HG4873VN (Specs Info Here),G5HG4873VN
Laptop Model 53 - MT239003PA (Specs Info Here),MT239003PA
Laptop Model 54 - 84DJ1468US (Specs Info Here),84DJ1468US
Laptop Model 55 - MA413343EU (Specs Info Here),MA413343EU
Laptop Model 56 - 83GS1844US (Specs Info Here),83GS1844US
Laptop Model 57 - MT233958W1 (Specs Info Here),MT233958W1
Laptop Model 58 - MA416766US (Specs Info Here),MA416766US
Laptop Model 59 - A2NL2378PA (Specs Info Here),A2NL2378PA
Laptop Model 60 - NJ770780US (Specs Info Here),NJ770780US
Laptop Model 61 - MT236862VN (Specs Info Here),MT236862VN
Laptop Model 62 - MA419394EU (Specs Info Here),MA419394EU
Laptop Model 63 - G5HG0902EU (Specs Info Here),G5HG0902EU
Laptop Model 64 - MA415327VN (Specs Info Here),MA415327VN
Laptop Model 65 - 83LK0269EU (Specs Info Here),83LK0269EU
Laptop Model 66 - 84DJ5006PA (Specs Info Here),84DJ5006PA
Laptop Model 67 - A6VV3481EU (Specs Info Here),A6VV3481EU
Laptop Model 68 - 83LK3728PA (Specs Info Here),83LK3728PA
Laptop Model 69 - G5HG2179PA (Specs Info Here),G5HG2179PA
Laptop Model 70 - 83LK0772PA (Specs Info Here),83LK0772PA
Laptop Model 71 - A6VV1119VN (Specs Info Here),A6VV1119VN
Laptop Model 72 - MA418761VN (Specs Info Here),MA418761VN
Laptop Model 73 - NJ772825PA (Specs Info Here),NJ772825PA
Laptop Model 74 - NK374886EU (Specs Info Here),NK374886EU
Laptop Model 75 - 84DJ3377PA (Specs Info Here),84DJ3377PA
Laptop Model 76 - NJ774479PA (Specs Info Here),NJ774479PA
Laptop Model 77 - NJ776898EU (Specs Info Here),NJ776898EU
Laptop Model 78 - 83GS5353VN (Specs Info Here),83GS5353VN
Laptop Model 79 - N5I50396US (Specs Info Here),N5I50396US
Laptop Model 80 - MT238338US (Specs Info Here),MT238338US
Laptop Model 81 - N5I55716VN (Specs Info Here),N5I55716VN
Laptop Model 82 - MT237008W1 (Specs Info Here),MT237008W1
Laptop Model 83 - NJ770282VN (Specs Info Here),NJ770282VN
Laptop Model 84 - NK377790EU (Specs Info Here),NK377790EU
Laptop Model 85 - MT233672PA (Specs Info Here),MT233672PA
Laptop Model 86 - MT230364EU (Specs Info Here),MT230364EU
Laptop Model 87 - MA413729EU (Specs Info Here),MA413729EU
Laptop Model 88 - 83GS0828PA (Specs Info Here),83GS0828PA
Laptop Model 89 - MA416233VN (Specs Info Here),MA416233VN
Laptop Model 90 - 83GS8897US (Specs Info Here),83GS8897US
Laptop Model 91 - MA410557VN (Specs Info Here),MA410557VN
Laptop Model 92 - MA413378PA (Specs Info Here),MA413378PA
Laptop Model 93 - A6VV6358US (Specs Info Here),A6VV6358US
Laptop Model 94 - 83GS1073US (Specs Info Here),83GS1073US
Laptop Model 95 - 83GS7744W1 (Specs Info Here),83GS7744W1
Laptop Model 96 - 83GS0923W1 (Specs Info Here),83GS0923W1
Laptop Model 97 - A2NL6245VN (Specs Info Here),A2NL6245VN
Laptop Model 98 - NK376629EU (Specs Info Here),NK376629EU
Laptop Model 99 - MA413903VN (Specs Info Here),MA413903VN
Laptop Model 100 - G5HG4125US (Specs Info Here),G5HG4125US
